37315;Student 100
40016;Student 101
21143;Student 102
37357;Student 103
37072;Student 104
21546;Student 105
40028;Student 106
33627;Student 107
40508;Student 108
13977;Student 109
40450;Student 110
37644;Student 111
33636;Student 112
37769;Student 113
40025;Student 114
12014;Student 115
33693;Student 116
33629;Student 117
38937;Student 118
33592;Student 119
33620;Student 120
33626;Student 121
37349;Student 122
40511;Student 123
37767;Student 124
24380;Student 125
33692;Student 126
33625;Student 127
35123;Student 128
40439;Student 129
37318;Student 130
15166;Student 131
42755;Student 132
15849;Student 133
33594;Student 134
37306;Student 135
39991;Student 136
40477;Student 137
40021;Student 138
32138;Student 139
35103;Student 140
24841;Student 141
15629;Student 142
35128;Student 143
20505;Student 144
1044;Student 145
33574;Student 146
37363;Student 147
40475;Student 148
40448;Student 149
25780;Student 150
37327;Student 151
37768;Student 152
33576;Student 153
40443;Student 154
40030;Student 155
40003;Student 156
37673;Student 157
17496;Student 158
37355;Student 159
37346;Student 160
37351;Student 161
20153;Student 162
40524;Student 163
33624;Student 164
35117;Student 165
37894;Student 166
15135;Student 167
33633;Student 168
456;Student 169
37765;Student 170
39979;Student 171
39985;Student 172
40022;Student 173
37378;Student 174
13856;Student 175
40027;Student 176
42688;Student 177
24828;Student 178
1978;Student 179
1908;Student 180
37735;Student 181
40500;Student 182
42685;Student 183
40036;Student 184
35;Student 185
37359;Student 186
33621;Student 187
20642;Student 188
33641;Student 189
40018;Student 190
37323;Student 191
37326;Student 192
25177;Student 193
37324;Student 194
35528;Student 195
37642;Student 196
21473;Student 197
40494;Student 198
21479;Student 199
37107;Student 200
47624;Student 201
40483;Student 202
40033;Student 203
35136;Student 204
40465;Student 205
40297;Student 206
14015;Student 207
32187;Student 208
27486;Student 209
34239;Student 210
17105;Student 211
40501;Student 212
24880;Student 213
21287;Student 214
35076;Student 215
37684;Student 216
37311;Student 217
34818;Student 218
40461;Student 219
37309;Student 220
38408;Student 221
40026;Student 222
39997;Student 223
18955;Student 224
37380;Student 225
39984;Student 226
34861;Student 227
33637;Student 228
21298;Student 229
35653;Student 230
37680;Student 231
37325;Student 232
21178;Student 233
40460;Student 234
40035;Student 235
42690;Student 236
33617;Student 237
13460;Student 238
33575;Student 239
39452;Student 240
33606;Student 241
40436;Student 242
17787;Student 243
15806;Student 244
35449;Student 245
40431;Student 246
37365;Student 247
13483;Student 248
37702;Student 249
40507;Student 250
40065;Student 251
40536;Student 252
37375;Student 253
233;Student 254
33601;Student 255
14133;Student 256
40485;Student 257
42683;Student 258
40445;Student 259
17104;Student 260
40495;Student 261
45998;Student 262
411;Student 263
37360;Student 264
40493;Student 265
21662;Student 266
39987;Student 267
35386;Student 268
37676;Student 269
37892;Student 270
38005;Student 271
37697;Student 272
40487;Student 273
33763;Student 274
38491;Student 275
42742;Student 276
42751;Student 277
42764;Student 278
42635;Student 279
38418;Student 280
21564;Student 281
42757;Student 282
40522;Student 283
15809;Student 284
33609;Student 285
37361;Student 286
14199;Student 287
40466;Student 288
24051;Student 289
15125;Student 290
40457;Student 291
40430;Student 292
33635;Student 293
14035;Student 294
1862;Student 295
33613;Student 296
42492;Student 297
40456;Student 298
40506;Student 299
33638;Student 300
42687;Student 301
37321;Student 302
40532;Student 303
35760;Student 304
33623;Student 305
40517;Student 306
35676;Student 307
37356;Student 308
37341;Student 309
14200;Student 310
35375;Student 311
15021;Student 312
33622;Student 313
33614;Student 314
39992;Student 315
33580;Student 316
40509;Student 317
32274;Student 318
37338;Student 319
39980;Student 320
33685;Student 321
2471;Student 322
10680;Student 323
30774;Student 324
19199;Student 325
40479;Student 326
31739;Student 327
37329;Student 328
37348;Student 329
40538;Student 330
33593;Student 331
13478;Student 332
35119;Student 333
37336;Student 334
13480;Student 335
42680;Student 336
37704;Student 337
16422;Student 338
40528;Student 339
33628;Student 340
37344;Student 341
13379;Student 342
35139;Student 343
40464;Student 344
21409;Student 345
37319;Student 346
40017;Student 347
40489;Student 348
40459;Student 349
21471;Student 350
20746;Student 351
42679;Student 352
37709;Student 353
33581;Student 354
37694;Student 355
38567;Student 356
40442;Student 357
42691;Student 358
48537;Student 359
14202;Student 360
40513;Student 361
1977;Student 362
16375;Student 363
37345;Student 364
40486;Student 365
38552;Student 366
14373;Student 367
48239;Student 368
2493;Student 369
33586;Student 370
20085;Student 371
33602;Student 372
39948;Student 373
40471;Student 374
37690;Student 375
478;Student 376
37689;Student 377
12060;Student 378
33739;Student 379
40378;Student 380
46605;Student 381
37701;Student 382
37354;Student 383
14353;Student 384
42684;Student 385
14064;Student 386
21197;Student 387
40547;Student 388
2270;Student 389
21286;Student 390
16391;Student 391
15844;Student 392
47832;Student 393
368;Student 394
33750;Student 395
40472;Student 396
40529;Student 397
17758;Student 398
20155;Student 399
38248;Student 400
21528;Student 401
37687;Student 402
21544;Student 403
39498;Student 404
13972;Student 405
40454;Student 406
40548;Student 407
12106;Student 408